<?xml version="1.0" encoding="UTF-8" ?>

<!DOCTYPE struts PUBLIC   
     "-//Apache Software Foundation//DTD Struts Configuration 2.0//EN"   
     "http://struts.apache.org/dtds/struts-2.0.dtd">
     
     
<struts>
    <package name="liu" extends="struts-default">
        <global-results>
            <result name="succeed">/common/succeed.jsp</result>
            <result name="msg">/common/msg.jsp</result>
        </global-results>
        
        <action name="upload" class="com.util.upload" method="upload">
             <result name="success">/upload/upload_re.jsp</result>
        </action>
        
        
        <action name="index" class="indexAction" method="index">
            <result name="success">/site/index.jsp</result>
        </action>
        
        
        
        <action name="bowenAdd" class="bowenAction" method="bowenAdd">
        </action>
        <action name="bowenMine" class="bowenAction" method="bowenMine">
            <result name="success">/auser/bowen/bowenMine.jsp</result>
        </action>
        <action name="bowenDel" class="bowenAction" method="bowenDel">
        </action>
        <action name="bowenAll" class="bowenAction" method="bowenAll">
            <result name="success">/site/bowen/bowenAll.jsp</result>
        </action>
        <action name="bowenDetailQian" class="bowenAction" method="bowenDetailQian">
            <result name="success">/site/bowen/bowenDetailQian.jsp</result>
        </action>
        
        <action name="bowenMana" class="bowenAction" method="bowenMana">
            <result name="success">/admin/bowen/bowenMana.jsp</result>
        </action>
        
        
        <action name="xiangceAdd" class="xiangceAction" method="xiangceAdd">
        </action>
        <action name="xiangceMine" class="xiangceAction" method="xiangceMine">
            <result name="success">/auser/xiangce/xiangceMine.jsp</result>
        </action>
        <action name="xiangceDel" class="xiangceAction" method="xiangceDel">
        </action>
        <action name="xiangceMana" class="xiangceAction" method="xiangceMana">
            <result name="success">/admin/xiangce/xiangceMana.jsp</result>
        </action>
        
        
        
        <action name="zhaopianAdd" class="zhaopianAction" method="zhaopianAdd">
        </action>
        <action name="zhaopianMine" class="zhaopianAction" method="zhaopianMine">
            <result name="success">/auser/zhaopian/zhaopianMine.jsp</result>
        </action>
        <action name="zhaopianDel" class="zhaopianAction" method="zhaopianDel">
        </action>
        <action name="zhaopianMana" class="zhaopianAction" method="zhaopianMana">
            <result name="success">/admin/zhaopian/zhaopianMana.jsp</result>
        </action>
        <action name="zhaopianNew" class="zhaopianAction" method="zhaopianNew">
            <result name="success">/site/zhaopian/zhaopianNew.jsp</result>
        </action>
        <action name="zhaopianDetailQian" class="zhaopianAction" method="zhaopianDetailQian">
            <result name="success">/site/zhaopian/zhaopianDetailQian.jsp</result>
        </action>
        <action name="zhaopianByXiangce" class="zhaopianAction" method="zhaopianByXiangce">
            <result name="success">/site/zhaopian/zhaopianByXiangce.jsp</result>
        </action>
        
        
        
        <action name="pinglunAdd" class="pinglunAction" method="pinglunAdd">
        </action>
        <action name="pinglunMana" class="pinglunAction" method="pinglunMana">
            <result name="success">/admin/pinglun/pinglunMana.jsp</result>
        </action>
        <action name="pinglunDel" class="pinglunAction" method="pinglunDel">
        </action>
        
        
        
        
        <action name="userReg" class="userAction" method="userReg">
        </action>
        <action name="userEdit" class="userAction" method="userEdit">
        </action>
        <action name="userLogout" class="userAction" method="userLogout">
             <result name="success">/site/default.jsp</result>
        </action>
        <action name="userMana" class="userAction" method="userMana">
             <result name="success">/admin/user/userMana.jsp</result>
        </action>
        <action name="userDel" class="userAction" method="userDel">
        </action>
        <action name="userNew" class="userAction" method="userNew">
             <result name="success">/site/user/userNew.jsp</result>
        </action>
        <action name="userDetailQian" class="userAction" method="userDetailQian">
             <result name="success">/site/user/userDetailQian.jsp</result>
        </action>
        
        
         
        
        <action name="gonggaoAdd" class="gonggaoAction" method="gonggaoAdd">
        </action>
        <action name="gonggaoDel" class="gonggaoAction" method="gonggaoDel">
        </action>
        <action name="gonggaoMana" class="gonggaoAction" method="gonggaoMana">
            <result>/admin/gonggao/gonggaoMana.jsp</result>
        </action>
        <action name="gonggaoDetail" class="gonggaoAction" method="gonggaoDetail">
            <result>/admin/gonggao/gonggaoDetail.jsp</result>
        </action>
        <action name="gonggaoDetailQian" class="gonggaoAction" method="gonggaoDetailQian">
            <result>/site/gonggao/gonggaoDetailQian.jsp</result>
        </action>
        
        
        
        <action name="liuyanAdd" class="liuyanAction" method="liuyanAdd">
        </action>
        <action name="liuyanFromMe" class="liuyanAction" method="liuyanFromMe">
            <result>/auser/liuyan/liuyanFromMe.jsp</result>
        </action>
        <action name="liuyanToMe" class="liuyanAction" method="liuyanToMe">
            <result>/auser/liuyan/liuyanToMe.jsp</result>
        </action>
        <action name="liuyanDel" class="liuyanAction" method="liuyanDel">
        </action>
        
    </package>
</struts>