<?xml version="1.0" encoding="utf-8"?>
<!DOCTYPE hibernate-mapping PUBLIC "-//Hibernate/Hibernate Mapping DTD 3.0//EN"
"http://hibernate.sourceforge.net/hibernate-mapping-3.0.dtd">
<!-- 
    Mapping file autogenerated by MyEclipse Persistence Tools
-->
<hibernate-mapping>
    <class name="com.model.TGonggao" table="t_gonggao">
        <id name="gonggaoId" type="java.lang.Integer">
            <column name="gonggao_id" />
            <generator class="increment" />
        </id>
        <property name="gonggaoTitle" type="java.lang.String">
            <column name="gonggao_title" length="50" />
        </property>
        <property name="gonggaoContent" type="java.lang.String">
            <column name="gonggao_content" length="8000" />
        </property>
        <property name="gonggaoData" type="java.lang.String">
            <column name="gonggao_data" length="50" />
        </property>
        <property name="gonggaoFabuzhe" type="java.lang.String">
            <column name="gonggao_fabuzhe" />
        </property>
        <property name="gonggaoDel" type="java.lang.String">
            <column name="gonggao_del" length="50" />
        </property>
    </class>
</hibernate-mapping>
