<?xml version="1.0" encoding="utf-8"?>
<!DOCTYPE hibernate-mapping PUBLIC "-//Hibernate/Hibernate Mapping DTD 3.0//EN"
"http://hibernate.sourceforge.net/hibernate-mapping-3.0.dtd">
<!-- 
    Mapping file autogenerated by MyEclipse Persistence Tools
-->
<hibernate-mapping>
    <class name="com.model.TZhaopian" table="t_zhaopian">
        <id name="id" type="java.lang.Integer">
            <column name="id" />
            <generator class="increment" />
        </id>
        <property name="title" type="java.lang.String">
            <column name="title" length="50" />
        </property>
        <property name="jieshao" type="java.lang.String">
            <column name="jieshao" length="5000" />
        </property>
        <property name="fujian" type="java.lang.String">
            <column name="fujian" length="50" />
        </property>
        
        <property name="shijian" type="java.lang.String">
            <column name="shijian" length="50" />
        </property>
        <property name="xiangceId" type="java.lang.Integer">
            <column name="xiangce_id" />
        </property>
        <property name="userId" type="java.lang.Integer">
            <column name="user_id" />
        </property>
        <property name="del" type="java.lang.String">
            <column name="del" length="50" />
        </property>
    </class>
</hibernate-mapping>
